{
    "name": "CINEBOX Source Select",
    "plugin":"plugin.video.cinebox",
    "priority": 500,     
    "is_resolvable" : "true", 
    "play_movie": "plugin://plugin.video.cinebox/?action=find_sources&media_type=movie&title={title}&year={year}&tmdb_id={id}&imdb_id={imdb}&poster={poster}&autoplay=false",
    "play_episode": "plugin://plugin.video.cinebox/?action=find_sources&media_type=tvshow&title={showname}&year={year}&season={season}&episode={episode}&tmdb_id={tmdb}&imdb_id={imdb}&poster={poster}&autoplay=false"
}
